"Week_start_dates","Bakery","Dry_and_baking","Dairy","Canned","Frozen","Beverages","Health_and_beauty","Produce"
2010-01-03,197.61,191.27,150.21,122.6,108.47,79.76,57.33,27.2
2010-01-10,212.16,168.25,161.14,130.62,108.66,74.93,52.75,17.63
2010-01-17,203.71,167.46,148.55,116.3,86.86,81.34,53.43,28.84
2010-01-24,199.2,173.3,168.69,104.95,110.39,86.14,61.28,28.09
2010-01-31,207.5,180.47,153.63,121.71,107.46,80.23,50.48,20.94
2010-02-07,194.31,167.61,151.48,104.26,93.18,77.27,42.71,17.7
2010-02-14,183.05,154.94,121.01,126.73,108.83,86.09,48.09,24.07
2010-02-21,179.7,157.61,148.84,114.92,90.67,75.94,44.18,20.97
2010-02-28,191.16,164.07,143.2,120.59,98.17,85.38,56.45,15.96
2010-03-07,188.08,147.66,132.55,112.92,77.92,71.69,52.61,18.39
2010-03-14,157.03,151.47,148.21,123.16,108.66,82.27,40.39,14.73
2010-03-21,171.2,144.41,133.77,112.31,89.14,82.99,40.89,17.49
2010-03-28,189.57,175,135.26,103.03,92.3,65.15,42,19.56
2010-04-04,190.6,142.19,146.05,110.79,70.13,59.04,39.67,13.81
2010-04-11,196.59,161.33,133.63,107.5,79.34,64.71,42.39,26.57
2010-04-18,196.78,135.5,139.98,93.3,75.88,71.35,39.86,16.93
2010-04-25,209.42,154.68,142.46,118.43,90,86.17,40.4,23.89
2010-05-02,183.36,144.14,141.26,91.34,93,62.86,43.41,10.11
2010-05-09,194.02,171.11,141.53,99.57,94.37,59.44,44.42,23.48
2010-05-16,204.58,157.18,116.28,103.77,89.62,68.61,39.2,11.84
2010-05-23,175.74,186.95,143.31,101.52,96.14,76.04,43,24.14
2010-05-30,192.77,165.44,152.37,116.54,103.44,82.79,37.86,27.66
2010-06-06,195.94,159.73,136.76,110.71,98.87,75.82,47.19,19.07
2010-06-13,174.57,162.65,136.05,108.58,93.16,79.98,46.39,20.78
2010-06-20,191.39,141.82,147.63,94.39,84.43,86.1,49.53,23.46
2010-06-27,208.09,174.43,128.72,121.08,107.36,75.12,43.26,19.5
2010-07-04,194.11,161.18,148.25,108.22,106.23,95.91,55.24,17.34
2010-07-11,198.89,199.36,141.24,129.5,104.56,79.55,63.94,19.21
2010-07-18,208.73,177.48,143.75,136.53,94.19,83.65,54.57,22.14
2010-07-25,186.54,183.36,157.03,111.69,108.94,98.89,48.89,16.3
2010-08-01,211.32,166.22,159.23,139.55,122.12,97.33,74.81,22.01
2010-08-08,224.03,187.51,177.25,145.69,120,117.47,70.3,26.67
2010-08-15,203,192.77,159.41,138.34,112.93,102.16,68.46,19.19
2010-08-22,210.92,182.83,177.95,146.5,113.38,106.48,66.36,17.85
2010-08-29,202.78,157.95,187.63,127.01,116.67,97.78,72.98,22.5
2010-09-05,253.37,204.95,188.57,153.03,138.32,136.02,89.49,20.4
2010-09-12,249.2,203.32,194.94,158.6,144.23,131.89,100.15,20.99
2010-09-19,239.62,203.23,206.89,161.58,142.58,119.45,100.36,14.33
2010-09-26,238.7,210.37,187.79,144.28,130.72,133.12,98.74,9.58
2010-10-03,333.39,291.31,272.29,240.9,218.07,206,174.36,182.13
2010-10-10,312.6,273.83,276.92,236.57,223.1,208.65,184.61,183.32
2010-10-17,306.7,304.86,273.62,239,227.46,216,177.55,184.88
2010-10-24,340.2,295.26,263.58,239.76,215.27,210.37,181.93,188.01
2010-10-31,318.22,301.4,261.63,233.99,222.85,216.08,172.85,188
2010-11-07,240.96,196.53,169.9,159.5,132.07,125.39,90.96,23.02
2010-11-14,233.48,206.96,209.36,151.92,151.31,122.19,91.2,16.99
2010-11-21,243.55,207.28,190.71,168.85,149.16,119.77,92.32,14.18
2010-11-28,214.29,202.87,204,170.83,138.47,132.08,101.87,16.3
2010-12-05,180.8,177.99,172.59,130.25,129.25,102.15,65.62,14.07
2010-12-12,199.28,173.54,170.98,117.83,108.09,103.5,67.73,22.59
2010-12-19,210.97,171.77,146.59,137.56,103.89,92.67,74.11,23.26
2010-12-26,225.94,179.56,166.66,135.2,114.49,101.56,66.08,23.08
2011-01-02,266.89,211.43,189.04,156.91,148.36,124.88,94.58,22.19
2011-01-09,243.69,209.1,193.37,155.78,161.13,123.83,94.91,9.97
2011-01-16,240.65,204.26,194,157.51,148.52,131.34,93.57,18.6
2011-01-23,248.46,198.78,197.54,163.26,141.22,119.53,96.08,22.2
2011-01-30,253.73,197.67,200.06,152.88,148.35,120.29,90.17,20.51
2011-02-06,225.38,205.11,167.83,140.8,119.69,121.59,81.51,13.65
2011-02-13,217.69,181.38,176.47,128.88,129.52,107.63,81.85,22.67
2011-02-20,226.13,203.94,191.19,147.26,131.69,132.51,76.86,28.69
2011-02-27,240.96,182.23,174.51,150.54,122.88,108.27,81.04,20.59
2011-03-06,212.28,166.34,165.94,137.83,116,101.99,63.16,19.63
2011-03-13,220.3,175.03,166.41,141.11,117.01,103.92,73.82,20.82
2011-03-20,210.99,182.15,154.36,120.93,119.9,102.15,67.48,22.24
2011-03-27,215.06,180.72,157.73,139.51,108.86,93.85,68.1,21.93
2011-04-03,209.26,182.7,156.86,135.1,117.87,84.82,54.41,20.54
2011-04-10,211.64,172.03,155.61,124.64,88.87,97.94,52.5,25.4
2011-04-17,186.86,161.91,171.06,137.7,102.17,92.09,58.09,25.56
2011-04-24,211.55,188.19,164.68,127.96,111.51,88.09,63.19,23.49
2011-05-01,215.41,199.38,160.02,129.91,120.69,97.47,66.15,15.16
2011-05-08,216.97,179.15,175.27,148.33,118.4,110.65,63.14,25.23
2011-05-15,202.35,193.2,170.37,136.84,133.43,99.62,72.39,16.13
2011-05-22,221.43,189.38,165.69,127.57,118.75,96.13,65.74,23.97
2011-05-29,222.42,170.68,146.69,143.11,101.5,101.49,70.26,20.65
2011-06-05,225.06,168.71,174.87,147.59,134.41,104.82,79.59,20.34
2011-06-12,224.15,175.46,183.96,133.62,131.02,98.11,81.08,17.46
2011-06-19,223.59,213.63,164.54,122.32,135.88,113.02,82.82,14.43
2011-06-26,206.07,179.43,157.13,133.06,123.48,106.79,75.79,16.91
2011-07-03,251.77,229.35,194.87,150.27,143.64,122.58,93.82,15.54
2011-07-10,256.71,219.52,201.89,158.7,144.7,124.94,91.48,14.46
2011-07-17,257.54,208.14,208.6,179.28,140.22,120.48,96.95,25.25
2011-07-24,251.21,207.59,196.89,158.37,143.6,132.54,100.69,16.07
2011-07-31,242.02,190.57,194.48,167.59,138.35,132.02,96.67,19.2
2011-08-07,251.44,257.27,212.78,182.47,169.94,150.33,125.32,31.51
2011-08-14,286.47,231.97,204.62,185.01,190.3,140.52,119,21.1
2011-08-21,259.31,235.44,234.37,193.22,155.41,134.72,124.36,24.11
2011-08-28,253.25,231.84,208.13,196.24,181.18,142.25,123.95,19.21
2011-09-04,311.44,302.7,284.45,240.01,219.63,210.45,179.82,20.01
2011-09-11,332.02,277.39,273.75,233.93,216.24,200.38,173.49,12.16
2011-09-18,302.11,293.06,289.58,241.59,225,200.39,166.94,19.89
2011-09-25,317.21,288.21,279.1,246.54,230.4,199.37,177.41,25.99
2011-10-02,471.96,434.66,401.25,405.55,380.35,370.01,333.63,349.44
2011-10-09,469.11,463.04,419.95,418.71,375.75,365.9,335.15,341.59
2011-10-16,476.68,424.15,441.22,398.04,378.73,366.7,327.98,342.45
2011-10-23,478.26,449.49,430.52,392.56,387.46,365.27,325.18,331.42
2011-10-30,480.84,453.22,449.26,419.98,385.14,360.53,337.42,337.16
2011-11-06,354.85,275.21,273.4,238.28,222.08,215.09,175.56,18.76
2011-11-13,323.48,273.04,279.7,233.13,232.34,210.69,178.78,18.59
2011-11-20,313.9,299.09,266.23,234.33,225.32,212.85,172.57,22.56
2011-11-27,335.05,295.56,254.62,243.44,219.75,212.38,171.29,27.03
2011-12-04,283.71,228.08,225.99,181.82,172.18,144.42,121.36,21.71
2011-12-11,267.83,233.38,203.14,189.91,153.26,146.56,118.84,20.86
2011-12-18,282.36,239.05,222.37,185.24,169.01,169.8,124.33,22.95
2011-12-25,262.66,218.45,219.41,200.69,168.97,162.64,122.15,17.49
2012-01-01,250.53,225.56,216.09,170.67,154.94,133.41,99.18,19.77
2012-01-08,270.44,222.61,192.22,167.46,149.08,139.16,109.6,24.37
2012-01-15,242.63,219.85,181.36,181.75,157.45,138.43,100.8,20.51
2012-01-22,242.87,226.46,214.56,176.68,167.94,134.1,104.57,15.14
2012-01-29,253.29,217.78,195.64,183.01,150.79,135.86,106.01,13.05
2012-02-05,235.14,191.29,179.94,162.08,122.11,111.67,87.22,22.64
2012-02-12,244.04,191.81,154.35,134.51,133.92,125.01,85.65,12.72
2012-02-19,218.88,209.15,184.9,143.75,141.47,112.42,89.58,13.83
2012-02-26,231.31,196.21,172.09,160.05,133.58,106.93,83.8,17.06
2012-03-04,232.35,202.22,173.59,147.23,110.88,118.31,80.07,21.3
2012-03-11,228.4,183.56,180.85,151.61,107.71,100.97,78.23,18.64
2012-03-18,234.61,204.16,174.01,146.55,120.11,98.89,74.62,24.65
2012-03-25,194.8,177.21,161.41,146.74,129.48,102.08,75.89,29.97
2012-04-01,208.62,165.48,170.14,135.87,116.36,95.65,67.1,22.4
2012-04-08,229.92,167.79,163.59,139.11,117,99.61,62.44,25.87
2012-04-15,203.36,189.07,150.05,121.67,130.61,100.97,66.61,19
2012-04-22,199.17,188.95,160.94,134.34,119.8,103.53,64.49,26.08
2012-04-29,216.85,180.29,162.15,132.8,124.4,80.06,63.58,17.03
2012-05-06,229.64,187.23,153.32,148.3,120.49,99.7,73.66,20.33
2012-05-13,233.57,189.43,170.13,139.96,121.75,111.43,76.24,23.02
2012-05-20,199.02,189.6,179.38,134.39,118.23,116.95,78.81,13.87
2012-05-27,213.8,192.23,155.71,155.62,141.18,98.05,75.22,27.99
2012-06-03,227.36,181.82,165.16,162.37,140.23,123.8,91.06,15.46
2012-06-10,223.92,202.54,195.57,166.09,140.46,109.68,91.17,12.6
2012-06-17,215.95,203.43,193.8,145.76,127.86,123.5,88,19.34
2012-06-24,245.64,207.43,182.72,143.88,134.39,115.54,81.77,9.24
2012-07-01,244.04,220.44,188.05,187.01,149.32,141.62,108.25,21.75
2012-07-08,255.48,228.67,223.72,172.4,151.98,143.79,101.99,18.59
2012-07-15,262.34,218.21,178.95,166.29,153.4,131.49,102.87,18.97
2012-07-22,267.82,224.07,196.51,179.99,137.8,135.13,106.94,19.48
2012-07-29,247.28,232.93,214.98,178.51,143.8,130.03,98.07,17.5
2012-08-05,252.51,252.44,225.49,199.31,170.41,164.53,127.92,12.46
2012-08-12,290.67,264.05,211.98,198.32,188.09,177.34,132.44,10.43
2012-08-19,280.56,248.75,225.47,182.68,185.09,171.89,138.32,15.98
2012-08-26,265.17,242.32,202.34,206.26,177.39,170.58,135.72,20.51
2012-09-02,358.98,314.59,273.56,254.06,247.7,235.81,190.99,23.66
2012-09-09,337.24,308.64,291.7,251.82,253.75,230.19,198.15,21.79
2012-09-16,333.67,315.76,294.88,266.64,247.87,232.3,188.05,27.61
2012-09-23,351.47,298.36,282.71,239.65,230.73,223.66,193.82,19.38
2012-09-30,343.67,312.27,295.12,255.78,227.71,228.74,195.68,23.68
2012-10-07,544.17,468.93,464.47,448.16,430.62,406.88,372.46,372.73
2012-10-14,532.22,482.45,448.96,448.54,421.38,413.57,375.93,380.72
2012-10-21,529.97,464.84,452.6,447.25,423.4,400.52,375.8,375.15
2012-10-28,500.37,493.24,448.71,450.63,425.6,410.88,371.44,379.61
2012-11-04,344.45,315.03,292.5,258.85,249.87,227.41,197.79,14.46
2012-11-11,327.23,308.75,269.36,256,247.24,226.16,193.05,18.98
2012-11-18,332.31,312.41,313.1,238.61,256.37,225.51,196.87,22.8
2012-11-25,342.66,305.45,289.99,252.92,232.45,219.28,204.81,22.4
2012-12-02,276.91,241.97,261.37,186.78,180.35,164.84,141.62,25.49
2012-12-09,266.35,273.67,228.49,197.23,181.08,161.28,135.82,22.74
2012-12-16,301.29,250.18,233.95,197.23,187.69,175.08,141.06,21.78
2012-12-23,259.43,242.92,232.11,206.17,177.42,168.98,131.1,15.9
2012-12-30,302.51,249.9,236.2,206.86,194.56,151.92,136.85,18.75
2013-01-06,281.98,249.04,253.14,207.2,209.04,174.73,152.74,22.17
2013-01-13,292.14,280.12,255.71,215.75,198.63,183.62,146.19,19.93
2013-01-20,295.23,272.32,241.25,209.2,198.93,183.86,145.8,14.77
2013-01-27,285.5,272.78,254.3,213.64,205.57,184.06,151.77,20.23
2013-02-03,266.37,243.66,227.2,191.12,164.35,152.86,128.54,19.5
2013-02-10,282.77,242.3,234.04,192.45,167.4,163.9,126.08,20.77
2013-02-17,243.43,234.7,203.58,190.27,180.95,149.17,123.25,13.42
2013-02-24,278.24,237.18,236.63,186.61,174.9,149.65,116.49,15.65
2013-03-03,258.89,221.27,201.41,170.97,137.86,141.71,106.36,13.58
2013-03-10,265.78,203.25,202.38,182.09,152.93,135.62,110.11,21.54
2013-03-17,245.35,210.01,202.34,174.05,152.45,142.33,104.23,16.91
2013-03-24,245.95,233.49,203.42,181.66,152.43,140.23,108.11,15.65
2013-03-31,258.07,235.2,206.56,170.25,165.45,136.6,105.03,18.33
2013-04-07,239.3,209.15,210.13,164.57,139.9,122.14,98.39,12.92
2013-04-14,231.47,217.59,205.12,153.44,135.87,123.88,88.5,22.98
2013-04-21,253.59,190.74,174.37,147.8,148.99,128.82,93.73,9.22
2013-04-28,243.42,195.44,210.13,155.57,129.84,120.41,89.77,17.52
2013-05-05,232.11,232.64,203.04,167.31,148.27,138.32,103.99,19.45
2013-05-12,264.47,221.08,181.76,175.21,159.7,141.41,110.94,19.39
2013-05-19,239.13,212.38,182.15,174.91,165.04,126.42,106.37,27.13
2013-05-26,256.96,210.57,202.27,179.38,155.04,127.46,111.93,23.57
2013-06-02,271.8,229.78,220.77,174.76,153.67,159.86,123.52,17.15
2013-06-09,264.56,246.21,213.23,197.54,173.09,153.74,126.64,18.49
2013-06-16,279.73,243.08,220.65,181.26,168.83,146.96,124.08,21.81
2013-06-23,244.41,231.98,216.77,181.19,173.53,151.66,120.59,17.11
2013-06-30,279.27,258.7,216.54,193.21,180.74,148.49,123.89,18.43
2013-07-07,311.98,236.14,242.28,210.66,201.28,173.15,147.93,22.68
2013-07-14,324.92,264.42,251.12,227.49,188.66,192.09,155.72,27.9
2013-07-21,288.41,264.58,255.59,217.11,198.9,173.21,151.77,36.07
2013-07-28,283.25,262.04,272.92,195.21,212.01,175.33,145.12,15.4
2013-08-04,340.32,304.1,306.61,274.26,246.89,230.63,192.18,15.9
2013-08-11,346.09,307.19,286.95,260.71,235.44,231.75,192.34,15.41
2013-08-18,348.97,312.97,293.3,251.41,241.23,231.9,198.23,21.36
2013-08-25,335.27,298.65,302.21,258.06,220.25,231.25,200.61,12.79
2013-09-01,425.68,408.68,374.03,350.46,326.54,316.78,275.1,17.17
2013-09-08,433.31,384.5,388.44,338.61,343.96,313.94,284.64,20.67
2013-09-15,433.95,396.11,390.65,348.25,334.91,320.35,289.29,15.02
2013-09-22,453.19,396.62,392.2,349.98,330.56,325.13,283.65,14.93
2013-09-29,435.65,421.96,376.29,353.26,331.88,315.72,284.21,17.58
2013-10-06,705.99,660.06,633.67,614.19,598.98,602.44,557,556.71
2013-10-13,711,689.37,667.73,641.99,606.42,573.05,554.04,556.33
2013-10-20,684.47,665.46,653.63,606.43,615.56,594.36,553.29,563.42
2013-10-27,697.6,682.87,654.15,623.37,616.94,593.92,553.86,558.19
2013-11-03,425.85,424.83,368.02,349.43,327.35,315.71,282.4,22.31
2013-11-10,422.34,387.3,372.26,358.35,325.17,318.82,293.76,17.3
2013-11-17,426.48,399.34,371.38,350.95,320.49,316.9,285.42,13.06
2013-11-24,437.53,401.19,394.6,347.24,329.4,319.18,287.98,22.48
2013-12-01,332.77,319.62,286.85,257.19,252.27,237.78,195.33,22.25
2013-12-08,326.07,299.39,317.35,272.06,243.44,224.71,200.99,26.4
2013-12-15,333.8,293.44,288.74,261.83,229.13,207.29,199.24,12.76
2013-12-22,347.77,313.26,281.63,263.11,238.67,221.83,193.33,16.18
2013-12-29,336.2,309.94,292,269.34,246.84,221.13,192.71,17.04
2014-01-05,317.06,284.33,269.49,234.55,211.12,196.62,162.48,33.65
2014-01-12,294.8,276.89,254.44,239.61,224.2,210.25,165.41,22.21
2014-01-19,297.94,270.8,261.37,207.92,210.46,191.73,166.19,16.71
2014-01-26,309.95,297.18,278.27,236.02,219.77,196.1,164.43,22.6
2014-02-02,295.08,244.63,221.5,209.48,190.93,186.43,134.49,15.13
2014-02-09,280.24,267.49,239.66,206.32,181.08,178.06,142.69,17.14
2014-02-16,268.18,261.92,222.79,198.79,195.75,176.79,129.78,11.87
2014-02-23,274.55,225.67,233.35,183.16,188.19,166.23,133.48,13.22
2014-03-02,257.88,228.22,207.06,167.11,161.47,141.85,114.81,20.81
2014-03-09,255.97,235.74,206.66,190.38,160.92,153.31,116.41,24.71
2014-03-16,253.98,218.63,208.75,167.07,166.03,138.72,119.3,28.16
2014-03-23,261.08,221.94,213.34,178.59,159.12,153.51,113.98,20.14
2014-03-30,257.87,221.15,205.17,184.23,168.55,148.78,114.2,22.07
2014-04-06,254.97,215.08,212.53,164.74,156.68,138.46,108.53,15.69
2014-04-13,220.34,222.95,190.18,180.85,141.61,134.58,104.46,20.88
2014-04-20,249.36,203.9,224.48,170.77,157.65,133.28,91.21,27.49
2014-04-27,228.51,213.93,224.62,166.85,151.5,136.26,101.07,15.25
2014-05-04,255.75,235.32,215.62,166.29,168.09,146.8,117.52,9.22
2014-05-11,253.73,246.52,206.31,176.26,154.54,144.38,113.32,23.05
2014-05-18,231.13,238.17,212.2,182.95,151.91,156.08,112.31,18.01
2014-05-25,254.05,224.48,223.38,183.85,139.44,149.2,111.52,17.09
2014-06-01,281.04,236.74,231.69,202.37,196.33,164.77,133.54,16.14
2014-06-08,288.67,253.98,233.62,194.96,181.8,174.02,132.38,11.09
2014-06-15,264.08,232.43,221,190.1,174.51,155.11,141.82,15.96
2014-06-22,296.75,255.52,243.03,205.2,179.49,181.26,135.46,21.23
2014-06-29,281.96,252.45,222.23,201.85,187.54,171.58,138.4,16.95
2014-07-06,294.34,296.83,272.85,240.85,209.49,192.8,170.06,22.57
2014-07-13,308.34,278.9,267.62,235.99,209.5,196.78,165.64,26.21
2014-07-20,315.09,280.4,242.77,220.91,211.23,205.61,165.96,19.21
2014-07-27,295.89,266.05,264.93,235.57,196.1,194.3,159.71,26.94
2014-08-03,363.46,336.84,307.4,261.73,251.93,247.63,210.14,17.75
2014-08-10,353.22,307.62,304.04,281.72,279.01,239.53,215.16,20.28
2014-08-17,348.21,344.83,304.3,274.23,263.04,241.04,217.4,18.14
2014-08-24,343.89,324.12,324.51,260.8,267.27,244.85,209.04,17.46
2014-08-31,359.38,316.27,316.88,267.87,263.99,238.47,217.17,23.05
2014-09-07,463.19,426.88,407.71,378.31,369.87,351.22,311.71,20.67
2014-09-14,444.2,425.85,419.27,372.24,368.77,364.27,317.99,18.06
2014-09-21,443.88,427.77,410.37,378.91,347.88,352.22,313.57,19.5
2014-09-28,441.5,426.41,392.88,381.39,360.43,352.34,318.34,34.55
2014-10-05,757.3,736.09,722.04,673.12,659.07,646.58,613.92,624.71
2014-10-12,762.87,724.96,718.78,668.52,667.81,655.69,608.54,625.13
2014-10-19,753.7,716.33,709.2,684.4,668.18,655.5,610.68,612.39
2014-10-26,742.76,741.76,708.32,682.09,663.26,641.06,616.37,609.55
2014-11-02,464.98,439.44,404.25,377.89,362.93,346.22,319.84,13.58
2014-11-09,452.66,435.8,415.96,382.85,359.18,345.7,320.01,16.66
2014-11-16,445.14,451.93,415.1,384.96,367.59,357.97,317.67,20.54
2014-11-23,462.8,436.37,406.71,380.73,356.87,338.07,319.84,22.2
2014-11-30,482.15,444.41,419.25,383.37,360.42,354.35,317.11,18.91
2014-12-07,355.5,320.24,305.94,267.64,265.64,244.97,210.54,18.85
2014-12-14,350.64,352.52,325.11,282.05,269.27,247.93,211.41,21.79
2014-12-21,342.84,310.35,297.88,275.03,277.99,257.58,213.15,27.96
2014-12-28,343.21,323.8,313.09,274.16,252.34,243.24,212.4,17.68
2015-01-04,318.8,307.22,251.1,250.32,225.19,190.5,175.42,21.62
2015-01-11,304.47,290.49,278.5,236.7,213.93,212.75,168.05,25.05
2015-01-18,329.46,290.45,263.4,256.19,218.11,205.93,183.78,17.15
2015-01-25,335.13,266.49,273.57,240.71,227.65,215.34,172.17,9.21
2015-02-01,259.99,238.79,228.22,204.5,198.75,159.55,146.25,19.33
2015-02-08,313.72,244.81,239.09,223.33,194.13,175.41,148.09,20.5
2015-02-15,300.35,250.08,231.12,219.06,193.22,175.84,142.55,19.16
2015-02-22,278.69,271.4,245.25,204.26,190.97,178.4,150.32,16.52
2015-03-01,285.02,254.85,217.89,195.76,156.8,147.79,124.66,22.83
2015-03-08,263.56,242.73,200.51,187.45,172.57,149.48,130.05,18.91
2015-03-15,251.03,236.86,215.7,186.46,163.25,159.59,122.46,18.61
2015-03-22,275.24,230.81,225.73,175.71,164.64,152.35,120.62,24.42
2015-03-29,269.29,241.95,223.19,210.29,165.4,161.66,124.81,23.32
2015-04-05,239.43,201.78,209.25,171.41,151.49,139.52,110.81,12.57
2015-04-12,278.98,202.2,197,184.88,164.82,124.75,106.3,23.51
2015-04-19,280.19,224.21,185.51,170.47,153.79,139.61,113.97,19.02
2015-04-26,252.43,222.08,195.41,180.03,164.43,139.12,106.12,17.67
2015-05-03,263.78,229.66,199.15,199.98,165.02,150.55,121.24,22.92
2015-05-10,254.02,231.94,233.38,180.11,181.29,163.2,122.76,14.32
2015-05-17,272.06,238.28,210.49,176.77,180.76,150.16,124.93,24.32
2015-05-24,277.72,239.53,214.37,188.11,169.31,139.4,117.36,23.12
2015-05-31,282.36,222.54,229.55,190.15,161.59,157.27,130.18,17.42
2015-06-07,302.5,273.76,226.98,207.48,178.19,183.72,146.19,19.71
2015-06-14,294.59,253.26,238.55,209.16,194.81,171.17,147.27,17.78
2015-06-21,287.85,271.15,243.37,206.98,187.84,178.81,144.46,19.97
2015-06-28,287.71,245.88,251.91,204.8,193.57,172.18,134.89,22.88
2015-07-05,337.61,279.33,274.81,240.34,215.46,223.39,183.76,21.04
2015-07-12,320.43,276.44,288.26,244.86,226.45,197.6,180.77,24.65
2015-07-19,311.24,272.74,260.67,234.82,207.13,210.58,180.18,15.19
2015-07-26,320.93,301.82,266.49,244.18,229.18,210.68,173.93,15.49
2015-08-02,362.4,348.19,330.67,285.95,280.38,255.68,233.92,22.64
2015-08-09,378.28,363.26,311.3,298.55,277.79,258.88,228.05,27.66
2015-08-16,382.18,339.64,315.7,295.85,284.58,254.54,228.5,14
2015-08-23,383.93,342.73,323.83,292.68,295.45,267.65,228.53,12.48
2015-08-30,382.54,322.87,348.82,299.05,274.62,259.81,230.44,10.27
2015-09-06,450.46,461.54,430.11,401.16,386.49,362.27,336.42,27.69
2015-09-13,493.78,457.81,412.49,412.47,363.48,368.54,344.7,16.42
2015-09-20,485.18,440.7,438.29,389.89,381.61,377.49,328.44,14.26
2015-09-27,478.33,450.24,431.25,410.91,379.14,361.5,327.69,16.06
2015-10-04,795.11,759.75,751,711.05,705.5,690.53,652,659.11
2015-10-11,787.54,773.35,734.65,711.71,708.76,682.34,661.6,654.34
2015-10-18,797.43,781.13,751.55,712.44,711.47,671.28,655.92,652.02
2015-10-25,809.37,787.1,745.06,715.28,697.73,697.26,659.89,664.54
2015-11-01,491.09,458.81,429.99,395.56,386.08,371.02,334.91,26.19
2015-11-08,496.64,442.53,440.51,407.06,385.98,367.79,336.7,24.58
2015-11-15,471.11,438.27,434.09,405.68,399.59,359.29,332.13,24
2015-11-22,475,429.81,429.46,399.8,382.88,370.58,335.62,17.13
2015-11-29,473.57,448.31,415.76,398.61,393.83,367.98,335.31,20.63
2015-12-06,371.08,353.48,318.25,302.69,288.12,260.46,218.08,16.84
2015-12-13,368.71,347.91,320.61,288.73,274.94,258.97,227.07,25.62
2015-12-20,381.7,348.45,317.68,290.93,280.29,264.5,222.32,27.03
2015-12-27,389.27,359.15,336.95,269.47,290.75,264.66,232.56,16.52
2016-01-03,308.15,306.51,284.47,249.47,246.03,217.46,172.82,19.16
2016-01-10,313.25,296.7,277.6,232.52,230.6,214.93,171.46,30.8
2016-01-17,316.38,290.83,268.91,245.19,226.04,225.1,182.28,19.59
2016-01-24,315.68,295.74,281.32,259.14,229.09,217.84,180.83,14.82
2016-01-31,339.94,281.46,259.77,247.39,222.32,212.27,184.84,21.77
2016-02-07,292.23,270.13,255.63,212.73,185.56,174.71,147.85,21.28
2016-02-14,285.14,264.49,231.86,210.34,205.17,191.26,146.25,16.61
2016-02-21,300.71,251.51,225.38,225.03,195.95,181.11,148.18,19.07
2016-02-28,309.32,265.29,254.12,222.03,200.36,182.79,147.91,26.32
2016-03-06,254.8,238.05,222.37,200.78,169.53,157.74,121.53,23.48
2016-03-13,261.24,242.36,213.36,178.53,165.09,156.71,125,15.37
2016-03-20,280.17,235.25,215.11,198.66,172.66,159.27,125.44,21.99
2016-03-27,274.28,248.8,210.61,199.25,169.8,151.71,128.06,24.73
2016-04-03,270.13,213.66,208.1,180.39,159.86,150.27,107.06,15.82
2016-04-10,252.22,225.37,200.06,192.15,163.68,138.98,109.94,21.55
2016-04-17,256.35,220.73,188.33,184.54,163.1,135.96,106.97,15.92
2016-04-24,252.31,218.68,209.67,169.99,172.07,150.69,106.63,15.8
2016-05-01,275.99,243.11,224.6,191.38,175.58,158.38,129.65,20.17
2016-05-08,263.47,238.28,228.16,186,184.94,153.18,123.59,19.83
2016-05-15,255.42,232.31,214.73,197.15,170.23,155.81,133.44,18.87
2016-05-22,281.68,253.58,206.83,187.08,172.97,156.73,130.53,20.81
2016-05-29,248.35,225.81,225.06,192.16,171.08,162.84,120.89,17.24
2016-06-05,283.72,269.21,258.45,212.64,176.81,184.1,148.05,11.31
2016-06-12,315.82,242.3,233.1,211.18,206.86,184.01,151.88,19.68
2016-06-19,312.89,244.8,232.34,219.1,202.09,176.17,145.11,21.84
2016-06-26,294.69,245.19,251.15,214.92,219.08,171.93,145.45,18.15
2016-07-03,336.07,297.19,277.16,247.28,230.21,214.87,179.5,19.51
2016-07-10,329.25,273.32,254.55,260.75,223.64,206.87,178.21,22.25
2016-07-17,352.45,296.48,282.1,240.86,235.37,207.37,183.19,12.15
2016-07-24,321.64,304.91,262.56,245.49,234.65,216.85,178.75,21.22
2016-07-31,342.85,307.3,285.96,236.03,234.82,212.44,176.58,24.17
2016-08-07,389.01,364.49,335.51,295.79,282.62,271.94,232.02,18.19
2016-08-14,396.42,334.34,319.81,293.39,277.8,265.4,229.85,23.04
2016-08-21,387.19,360.84,313.29,309.24,284.27,259.14,239.02,15.95
2016-08-28,391.88,346.41,333.08,290.44,293.83,266.75,236.66,21.56
2016-09-04,488.28,476.39,436.95,405.49,395.78,372.41,344.35,5.86
2016-09-11,511.48,457.75,450.83,413.09,385.23,376.68,345.87,14.65
2016-09-18,471.78,439.95,441.37,402.1,395.88,381.83,347.33,19.13
2016-09-25,473.1,448.08,459.53,403.35,393.59,374.49,347.74,21.76
2016-10-02,808.32,791.37,771.96,744.19,729.87,719.01,678.86,691.38
2016-10-09,817.52,783.2,785.9,725.43,730.06,720.18,672.58,681.45
2016-10-16,808.67,783.35,776.64,734.35,708.36,716.68,672.53,676.81
2016-10-23,815,782.42,791.62,725.61,719,725.48,672.94,674.63
2016-10-30,819.05,797.67,759.38,733.24,716.9,701.74,679.97,677.74
2016-11-06,508.75,462.68,441.31,399.17,403.91,388.73,343.12,15.68
2016-11-13,494.2,457.35,427.38,413.91,393.76,381.63,343.9,16.7
2016-11-20,477.2,463.66,445.22,400.04,392.96,388.75,344.34,27.24
2016-11-27,491.85,456.42,435.93,411.09,390.57,378.74,344.6,19.33
2016-12-04,397.81,360.19,323.35,301.96,273.15,261.67,238.72,16.51
2016-12-11,367.35,328.22,353.27,287.62,276.49,256.77,240.45,19.52
2016-12-18,369.43,349.19,348.86,296.01,278.63,269.64,232.89,16.14
2016-12-25,362.78,357.12,321.08,294.64,271.55,265.73,230.13,18.34
